,text,date,language,label,ID,sentiment,sent_binary
0,loyolaramblers ğ—§ğ—µğ—² ğ—¥ğ—®ğ—ºğ—¯ğ—¹ğ—²ğ—¿ ğ—¥ğ—¼ğ˜‚ğ—»ğ—±ğ˜ğ—®ğ—¯ğ—¹ğ—² present aetna christian thomas join podcast alumna lori popernik ramblerswvb â€¦  ,2022-10-11,en,Aetna,1,neu,neg
1,pom_pnw aetna give directory resident house address psychiatrist recommendation  ,2022-10-11,en,Aetna,2,neu,neg
2,peds_ortho aetna â€™ doctor â€™ office take copay subsequently reimburse health plan refund  ,2022-10-11,en,Aetna,3,neu,neg
3,aetna twice deny necessary medication b/c whatever stupid policy giving damn person patient gon na take away med work make take something else â€™ playing human life  ,2022-10-11,en,Aetna,4,neu,neg
4,peds_ortho aetna pay copay meet oop limit â€™ pay copay refer charge eob reflect full payment plan â€™ need wasting time phone try get reimburse something never pay  ,2022-10-11,en,Aetna,5,neu,neg
5,thebahamabeauty use insurance aetna atlantic medical also aetna network information mustâ€¦  ,2022-10-11,en,Aetna,6,neu,neg
6,small business owner heath insurance premium add 600 month usual extortion two employee fuck # aetna  ,2022-10-11,en,Aetna,7,neu,neg
7,agility better last night dallas agent first learn new 2023 bonus program aetna cigna oscarhealth friday health plan & amp getethoslife â€™ safe say agent conquering oep 2023 # agilitykickoff2023 # dallas //t.co/lwdpgyl0vx  ,2022-10-11,en,Aetna,8,neu,neg
8,proud announce az president â€™ circle winner rhian madrid recognize banner|aetna outstanding contribution team last 10 year thank excellent work rhian //t.co/95nottf1nk  ,2022-10-11,en,Aetna,9,neu,pos
9,blackactuaries closing group session imani frederick discus opportunity available value working aetnaâ€¦  ,2022-10-11,en,Aetna,10,neu,pos
10,closing group session imani frederick discus opportunity available value working aetna meet aetna virtual career fair //t.co/upu0vqb9m6 # actuarialscience # actuarialstudent # actuaryjobs # actuary # actuarialstudent # iabafallfair //t.co/qauoy5vql2  ,2022-10-11,en,Aetna,11,neu,pos
11,aetnahelp aetna tf â€™ deny flu shot crappy insurance  ,2022-10-11,en,Aetna,12,neu,pos
12,use insurance aetna atlantic medical also aetna network information mustâ€¦ //t.co/0skzqs8f8h  ,2022-10-11,en,Aetna,13,neu,pos
13,theclearyzoo mercy take aetna  ,2022-10-11,en,Aetna,14,neu,pos
14,415.936.6442 number real melissa naftel tricare marincounty_da marinhhs humana aetna us_fda irsnews socialsecurity  ,2022-10-11,en,Aetna,15,neu,pos
15,aetna put dialog website way close ux fail people ca n't go paperless hope get resolve soon //t.co/kcxaiyfxeh  ,2022-10-11,en,Aetna,16,neu,pos
16,# meditation # wordpowerpower # yogaretreat 1 author encyclopedia site aetna c.e.o. â€™ # management mantra //t.co/vtihaae2jv  ,2022-10-11,en,Aetna,17,neu,pos
17,cvshealth plan enter individual # aca exchange delaware 2023 learn plan //t.co/c2vxyvqyag  ,2022-10-11,en,Aetna,18,neu,pos
18,peds_ortho aetnahelp standard template response tend get attention include specific colleague fan aetna good luck  ,2022-10-11,en,Aetna,19,neu,pos
19,peds_ortho aetna similar situation sent email carefully word imply really loose shit big way without actually threaten next thing know â€™ get â€œ special care â€ agent never problem good luck  ,2022-10-11,en,Aetna,20,neu,pos
20,riddle batman archdiocesan insurance aetna catholic healthcare provider ssm longer take aetna guess catholic employee start seeing integris baptist provider ğŸ¤·â€â™€ï¸  ,2022-10-11,en,Aetna,21,neu,pos
21,aetna cv health company sponsor urban league tacoma 's annual empowerment award award given individual community help address social determinant health and/or help urban league # teamcvs //t.co/xdphjl5l19  ,2022-10-11,en,Aetna,22,neu,pos
22,aetna cv health company sponsor urban league tacoma 's annual empowerment award award given individual community help address social determinant health and/or help urban league # teamcvs //t.co/pstanft4dc  ,2022-10-11,en,Aetna,23,neu,pos
23,recap aetna deny part claim â€™ tell demand credit card statement send right away lie say sent processing â€™ â€™ unless call get pay money legally owe  ,2022-10-11,en,Aetna,24,neu,pos
24,arthritisstl aetna shotswiththat csroadvocacy ridiculous require doctor - thank fighting u ca n't without help  ,2022-10-11,en,Aetna,25,neu,pos
25,3 call aetna find hell going paper sent sitting fucking limbo one attach claim sent back reprocess let sit hop clock would run  ,2022-10-11,en,Aetna,26,neu,pos
26,2 submit credit card statement itemize bill aetna online messaging system even get confirmation message back saying everything sent reprocess  ,2022-10-11,en,Aetna,27,neu,pos
27,mention aetna basically accuse insurance fraud doctor bill oon bill apparently â€œ â€™ trust â€ trust part bill pay select several charge random pay  ,2022-10-11,en,Aetna,28,neu,pos
28,exceed family out-of-pocket year easily still require pay co-pays etc spend 2 hr phone aetna today try get reimburse 2 hr help refuse advance someone help  ,2022-10-11,en,Aetna,29,neu,pos
29,robertwadeholly 're starting see # medicareadvantage orgs 2023 plan year hhcarenews highlight home-â€¦  ,2022-10-11,en,Aetna,30,neu,pos
30,saw several oon doctor year usual meet pocket max aetna obligate pay 100 % reimbursement â€™ want instead  ,2022-10-11,en,Aetna,31,neu,pos
31,aetna try steal thousand dollar shady practice â€™ want actually give money legally owe insured  ,2022-10-11,en,Aetna,32,neu,pos
32,aetna aetnahelp aetnanews medicaregov cvspharmacy going unnecessary machination get approve generic rx one pharma authorize call # silverscript opening ramble recording b4 allow option state 2023 plan available online oct 1 2023ğŸ¤”  ,2022-10-11,en,Aetna,33,neu,pos
33,nalc hbp offering enhance benefit annuitant enrol high option plan medicare part b primary coverage category eligible opt new nalc high option plan â€“ aetna medicare advantage info soon //t.co/okpsyspygt  ,2022-10-11,en,Aetna,34,neu,pos
34,aetna taking 8 month 12 phone call fix mistake aetna make fyi still fix //t.co/av5sgxnwai  ,2022-10-11,en,Aetna,35,neu,pos
35,artistlearning unite healthcare better aetna plan call several time get answer sound right get difâ€¦  ,2022-10-11,en,Aetna,36,neu,pos
36,unite healthcare better aetna plan call several time get answer sound right get different answer //t.co/wkzofggheq  ,2022-10-11,en,Aetna,37,neu,pos
37,aetna please fix provider website  ,2022-10-11,en,Aetna,38,neu,pos
38,aetna 's medicare advantage ppo plan state retiree health plan option next year lost star get below-average rating u.s. cm 's 2023 annual star rating medicare advantage aetna 's parent company cv report expect revenue loss follow //t.co/va344sn4bk  ,2022-10-11,en,Aetna,39,neu,pos
39,aetna cv health company work hard towards single vision - provide improve access quality health care service american learn make difference apply today next health ... //t.co/8synrit5yf # overlandpark k # nursing  ,2022-10-11,en,Aetna,40,neu,pos
40,jajaj341 aetnahelp aetna vision site  ,2022-10-11,en,Aetna,41,neu,pos
41,aetna proud bronze sponsor # ladiesfirst11 sell traditional consumer direct health care insurance relate service visit site //t.co/rl7k05mdij information get tix # ladiesfirst11 //t.co/t63adxccvv see //t.co/bbclbltiun  ,2022-10-11,en,Aetna,42,neu,pos
42,# aetna cv health company work cultivate work environment fun challenge innovative entrepreneurial join aetna family apply lead director financial planning & amp ... opportunity today //t.co/jb4fcqqrxv # hartford ct  ,2022-10-11,en,Aetna,43,neu,pos
43,covhs thank reply negotiation aetna & amp covenant resolve try communicate jacc  ,2022-10-11,en,Aetna,44,neu,pos
44,seanmulkerrins onboardlearning iamthejuju12 raonakz therickydavila article pure partisan b provide medicare plan senior insulin saving model save million people include diabetic client billion dollar since january 2021 - biden office ask mapd carrier humana aetna bc/bs etc  ,2022-10-11,en,Aetna,45,neu,pos
45,aetna aetna 's 20 hour nothing please fix  ,2022-10-11,en,Aetna,46,neu,pos
46,laweconcenter geoffmanne issue seem familar pbms independent company company own healthcare plan represent example unite healthcare - & gt optum aetna - & gt cvs/caremark  ,2022-10-11,en,Aetna,47,neu,pos
47,arthritisstl hey â¦ aetnaâ© â¦ archchicagoâ© employee deny care want change â¦ aetnahelpâ© //t.co/lwjomotbâ€¦  ,2022-10-11,en,Aetna,48,neu,pos
48,difference want see learn make impact cv health next sale executive - aetna international today //t.co/7cbtdunbdy # sale # salesjobs  ,2022-10-11,en,Aetna,49,neu,pos
49,among aetna 's commercial member 58 % outpatient mental health visit do via telemedicine 2021 49 % 2020 le one percent 2019 - cmcnultyaetna + dr. taft parson iii //t.co/ea0ishi0cr  ,2022-10-11,en,Aetna,50,neu,pos
50,supposedly opt mail order year call aetna half dozen time far year look like repeatedly switching mail order keep business house  ,2022-10-11,en,Aetna,51,neu,pos
51,know treatment center proudly accept aetna beaconhealthopt carefirst cigna john hopkins ehp uhc usfhp maryland medicaid also accept self-pay value option private //t.co/havttvdqzj  ,2022-10-11,en,Aetna,52,neu,pos
52,'s late sponsor inclusive halloween party present aetna support mission today sponsor event //t.co/6brz78g4qe //t.co/fgdnfe11sg  ,2022-10-11,en,Aetna,53,neu,pos
53,arthritisstl update 4 twitter friend aetna call 2 approve u caring 4 r patient public sham new prior auth saâ€¦  ,2022-10-11,en,Aetna,54,neu,pos
54,my_tv_life arthritisstl shotswiththat aetna archchicago aetnahelp reimburse cost expensive biologics lovâ€¦  ,2022-10-11,en,Aetna,55,neu,pos
55,aetna cv health company cv health sponsor american heart association 's heart walk seattle weekend 2000 attendee show raise awareness heart disease # teamcvs //t.co/ktxpnei6sm  ,2022-10-11,en,Aetna,56,neu,pos
56,neilflochmd cvspharmacy aetna erictopol thought relevant thread //t.co/n05comclwb  ,2022-10-11,en,Aetna,57,neu,pos
57,brielle88 aetna blue cross blue shield  ,2022-10-11,en,Aetna,58,neu,pos
58,epflcswccm # integratedcareworks aetna better health florida collaborate emcara health bring home base primary care medâ€¦  ,2022-10-11,en,Aetna,59,neu,pos
59,update 4 twitter friend aetna call 2 approve u caring 4 r patient public sham new prior auth sayin shotswiththat csroadvocacy  ,2022-10-11,en,Aetna,60,neu,pos
60,"hipaajournal 326,278 aetna ace member affect # ransomware attack mailing vendor //t.co/hnim6wqnvp //t.co/abttrdâ€¦  ",2022-10-11,en,Aetna,61,neu,pos
61,allina health | aetna expand 2023 medicare advantage benefit - pr newswire //t.co/rir4bsc9zc //t.co/v4t39u9v3x  ,2022-10-11,en,Aetna,62,neu,pos
62,lynnemthomas thank goodness make thing simple ğŸ˜®â€ğŸ’¨ also .. crappy aetna plan pay visiting nurse check hope apply need one ğŸ’œ  ,2022-10-11,en,Aetna,63,neu,pos
63,support program sponsor inclusive halloween party present aetna better health louisiana sponsor level range 100- 1000 complementary booth space provide level sponsor deadline october 12 learn //t.co/thw7dhahmu //t.co/urtipl4q5z  ,2022-10-11,en,Aetna,64,neu,pos
64,thank # hmacon2022 sponsor aetna caresource chessmh expressscripts gainwelltech intus_care medarrive navituspbm getnymbl performrx_ pyxhealth twill_happify uhc vhedahealth rightsite health somatus tender heart yuvo  ,2022-10-11,en,Aetna,65,neu,pos
65,mattmeyerde four & amp half year ago announce partnership nccde & amp pulsepoint save life working thank aâ€¦  ,2022-10-11,en,Aetna,66,neu,pos
66,great news # mentalhealthcare kelswaddill share insurance provider aetna offer new plan improve # healthcareaccess expand # mentalhealthtraining provider initiative really benefit # youthmentalhealthcrisis //t.co/i6w7xdokfx  ,2022-10-11,en,Aetna,67,neu,pos
67,ğ—§ğ—µğ—² ğ—¥ğ—®ğ—ºğ—¯ğ—¹ğ—²ğ—¿ ğ—¥ğ—¼ğ˜‚ğ—»ğ—±ğ˜ğ—®ğ—¯ğ—¹ğ—² present aetna christian thomas join podcast alumna lori popernik ramblerswvb alexis meyer ramblerswbb discus role title ix play life student-athletes & amp career  ,2022-10-11,en,Aetna,68,neu,pos
68,# aetna # cvshealth colleague happy attend participate â€‹american heart association 's heart walk reunion tower dallas tx september # teamcvs //t.co/goh8mcxopo  ,2022-10-11,en,Aetna,69,neu,pos
69,# aetna # cvshealth colleague happy attend participate â€‹american heart association 's heart walk reunion tower dallas tx september # teamcvs //t.co/y6iwvpmpqt  ,2022-10-11,en,Aetna,70,neu,pos
70,aetna joke deny medically necessary surgery go file appeal grievance online system physically let â€™ bother calling â€™ get anyone # scaminsurance  ,2022-10-11,en,Aetna,71,neu,pos
71,focus address housing insecurity key social determinant health aetna making significant investment affordable housing across country date company invest 41.9 million affordable housing massachusetts # healthplanvalues  ,2022-10-11,en,Aetna,72,neu,pos
72,spencertoder sparetherod_ot emadams83690418 n't know accredit body state take insurancâ€¦  ,2022-10-11,en,Aetna,73,neu,pos
73,nowthisnews ukrainian seeking protection russia â€™ latest missile strike break song kyiv â€™ underground subway stationsâ€¦  ,2022-10-11,en,Anthem,74,neu,pos
74,ashkantweets one best thing accompany islamic republic â€™ fall fall anti-iranian anti-intellectualâ€¦  ,2022-10-11,en,Anthem,75,neu,pos
75,ndukongbertrand # lemonstre world cup anthem //t.co/au1vur1mgb  ,2022-10-11,en,Anthem,76,neu,pos
76,bolaagbaje anthem nigerian hall party late 90/2000  ,2022-10-11,en,Anthem,77,neu,pos
77,luiseach hear charles william avoid large tax bill understand liverpool fan boo national anthem  ,2022-10-11,en,Anthem,78,neu,pos
78,polish anthem ğŸ‡µğŸ‡± â›µ //t.co/kekanpovbk  ,2022-10-11,en,Anthem,79,neu,pos
79,droz beloved eagle â€™ taking field today enjoy super bowl game remember rise national anthâ€¦  ,2022-10-11,en,Anthem,80,neu,pos
80,canada 's national anthem god 's plan drake  ,2022-10-11,en,Anthem,81,neu,pos
81,biteyourbrum national anthemâ€¦â€¦ .. # anthem  ,2022-10-11,en,Anthem,82,neu,pos
82,'ll carry heart ca n't contain anthem wo n't explain  ,2022-10-11,en,Anthem,83,neu,pos
83,cbcradioq ğŸ”Š `` oh 'm thrill part reggae '' ğŸ”Š angela lansbury hear '90s reggae/dancehall anthem 'murder write â€¦  ,2022-10-11,en,Anthem,84,neu,pos
84,snshores nicki minaj president u would national anthem //t.co/sw32suprls  ,2022-10-11,en,Anthem,85,neu,pos
85,aubsbunny â€™ two year since get trap anthem //t.co/tdvy0wf8um  ,2022-10-11,en,Anthem,86,neu,pos
86,bbclater sensational burnaboy make late debut tonight 's show nigerian megastar perform two track include sâ€¦  ,2022-10-11,en,Anthem,87,neu,pos
87,sir_romanticguy â€™ even sing national anthem sefğŸ™ƒ  ,2022-10-11,en,Anthem,88,neu,pos
88,# nowplaying # caribbean fm ethiopian anthem bigga haitian | | tune nowğŸ‘‡ğŸ¾https //t.co/h8wkqhdzca  ,2022-10-11,en,Anthem,89,neu,pos
89,ichri watch protest performance title `` blood '' oct. 10 tehran art university student chant main slogan # iranprotâ€¦  ,2022-10-11,en,Anthem,90,neu,pos
90,cbngov_akin1 florentina one baby adopt hon dr. abike dabiri-erewa performing national anthem reception forâ€¦  ,2022-10-11,en,Anthem,91,neu,pos
91,wilhelm canarius 's harper jersey singing soviet national anthem  ,2022-10-11,en,Anthem,92,neu,pos
92,mucciyaaro richdudegh davido stonebwoy atell nb ğŸ˜‚ğŸ˜‚ğŸ˜‚ğŸ˜‚ğŸ˜‚ğŸ˜‚ğŸ˜‚ğŸ˜‚ğŸ˜‚ğŸ˜‚ get vibe normal way thing troll bi anthem ğŸ˜‚ğŸ˜‚ğŸ˜‚ğŸ˜‚ğŸ˜‚  ,2022-10-11,en,Anthem,93,neu,pos
93,emilykschrader apparently iran regime agent copyright â€œ baroye â€ song shervin hajipour force letter â€œ consenâ€¦  ,2022-10-11,en,Anthem,94,neu,pos
94,en el aire lmfao - party rock anthem escuchas en //t.co/7uw3krs10q  ,2022-10-11,en,Anthem,95,neu,pos
95,80 night mystery singer/guest hint # 2 guest anthem singer steelers throw first pitch pirate last month check back tomorrow last hint reveal //t.co/gapptil7zx  ,2022-10-11,en,Anthem,96,neu,pos
96,offkey_anthem 'm excite sound right alley ahsghagsha  ,2022-10-11,en,Anthem,97,neu,pos
97,something great one direction long distance relationship anthem  ,2022-10-11,en,Anthem,98,neu,pos
98,tf national anthem stick head  ,2022-10-11,en,Anthem,99,neu,pos
99,zoryalondonsk epic ğŸ‡ºğŸ‡¦ğŸ¤ğŸ‡µğŸ‡± ucl anthem never look good polish army stadium shakhtar v real madrid //t.co/a0gw4wi6sj  ,2022-10-11,en,Anthem,100,neu,pos
100,iwillyeah_bai karensethuraman notabot1976 //t.co/q9wzanc7ym 's one poll  ,2022-10-11,en,Anthem,101,neu,pos
101,africanjesu african get independence flag national anthem  ,2022-10-11,en,Anthem,102,neu,pos
102,highlyfe_shawty glorilla deserve everything â€™ ratchet anthem take like since bodak yellow  ,2022-10-11,en,Anthem,103,neu,pos
103,anthem 13 //t.co/a2qbsbno2t  ,2022-10-11,en,Anthem,104,neu,pos
104,edmhousenetwrk dimitrivegas & amp likemike get crowd chanting tomorrowland anthem 'the hum retweet loveâ€¦  ,2022-10-11,en,Anthem,105,neu,pos
105,adeemtheartist aaron u would call â€œ cissy â€ â€œ breeder â€ damn â€™ best queer christmas anthem ofâ€¦  ,2022-10-11,en,Anthem,106,neu,pos
106,egyptiysis national anthem //t.co/yadrgvchwy  ,2022-10-11,en,Anthem,107,neu,pos
107,oluwalargess let use medium leave realmadrid anthem â€¦ watch listen bless # halamadrid //t.co/owvâ€¦  ,2022-10-11,en,Anthem,108,neu,pos
108,chrisrifer â€™ willing available would great see madison shanley perform national anthem thorn semifinaâ€¦  ,2022-10-11,en,Anthem,109,neu,pos
109,//their official anthem //t.co/ebetesuxfv  ,2022-10-11,en,Anthem,110,neu,pos
110,woman anthem //t.co/amwob30j9w # musicmake # newmusic # musicvideo # n # nowplaying # ge2022 # generalelectionnow  ,2022-10-11,en,Anthem,111,neu,pos
111,donal_okeeffe evening crowd thirty ukrainian people mostly young woman small child sang ukrainian anthem `` â€¦  ,2022-10-11,en,Anthem,112,neu,pos
112,omid_m absurd judiciary charge # shervinhajipour whose song â€œ forâ€¦ â€ become anthem solidarity w iranian around theâ€¦  ,2022-10-11,en,Anthem,113,neu,pos
113,safuuxnews ready next level safuu anthem play nba game world famous dj djogone itzmighty plâ€¦  ,2022-10-11,en,Anthem,114,neu,pos
114,carticharts_ playboi carti â€™ stream song spotify lead artist magnolia - 589m shoota 500m woekuplikethis * - 425m skyâ€¦  ,2022-10-11,en,Anthem,115,neu,pos
115,anthem nigerian hall party late 90/2000 //t.co/4le30tadqm  ,2022-10-11,en,Anthem,116,neu,pos
116,skysportspl pressure win trophy come fine badly need champion league anthem return emirate fan deserve moment attract even better group player could improve squad trophy follow  ,2022-10-11,en,Anthem,117,neu,pos
117,lenzouno `` commit provide best user experience '' na tech founder national anthem  ,2022-10-11,en,Anthem,118,neu,pos
118,jonathan isaac demonstrate better knowledge gospel mean christian many evangelical leader big eva refuse kneel national anthem //t.co/wjrajwtosg via youtube  ,2022-10-11,en,Anthem,119,neu,pos
119,spotifycharts current fave duo samsmith kimpetras give u spooky season anthem claim # 1 spot global top sonâ€¦  ,2022-10-11,en,Anthem,120,neu,pos
120,amaze bportgtennis senior rylee pierce â€™ incredible voice sing national anthem prior today match v greece stormğŸ‡ºğŸ‡¸ # letsgobluedevils //t.co/ffuefx35fu  ,2022-10-11,en,Anthem,121,neu,pos
121,seanalmighty201 2pac & amp biggie naughty nature uptown anthem //t.co/mrnbrdtdee via youtube mxiii_music asapferg kingbliâ€¦  ,2022-10-11,en,Anthem,122,neu,pos
122,drninaansary iranian singer shervin hajipour whose song â€œ baraye â€ compose protester tweet death mahsa amini becameâ€¦  ,2022-10-11,en,Anthem,123,neu,pos
123,september drjamieaten travel ukraine provide trauma care/spiritual first aid training almost 200 ukrainian moment neither u ever forget attending session break national anthem end day 2. //t.co/lowzkupgzq  ,2022-10-11,en,Anthem,124,neu,pos
124,biggboss colorstv banijaygroup bigg bos anthom boar ... dance nice ... hate daily boar anthem ... # biggboos16  ,2022-10-11,en,Anthem,125,neu,pos
125,`` time alive fuckin waste time '' given repetition song one could also say 's like anthem  ,2022-10-11,en,Anthem,126,neu,pos
126,auntiechantel home 10 year maybe learn russian anthem  ,2022-10-11,en,Anthem,127,neu,pos
127,song arealogi â€œ weak knee â€ anthem fr //t.co/rehs0lmhpd //t.co/6ctwpr3v8f  ,2022-10-11,en,Anthem,128,neu,pos
128,dogswhisker bisexual anthem | # firstkanaphan # janeeyeh # sea_tawinan # panlyyy //t.co/8fpw8uyf1k  ,2022-10-11,en,Anthem,129,neu,pos
129,brynlaw â€™ new wrexham_afc experience - need know word club song â€™ call wrexham name aâ€¦  ,2022-10-11,en,Anthem,130,neu,pos
130,og hoochie anthem //t.co/onxl6eky2l  ,2022-10-11,en,Anthem,131,neu,pos
131,vikvkravchuk february 25th second day russian occupation sumy birthplace minister dmytro kuleba someone incidentally pâ€¦  ,2022-10-11,en,Anthem,132,neu,pos
132,backshotleaks tell â€™ going drop jellyesportsnft rascal anthem degenftevents know â€™ good enougâ€¦  ,2022-10-11,en,Anthem,133,neu,pos
133,republic watch indian contingent proudly sing national anthem india host historic fifa u17 wc //t.co/ec3qp0jbva  ,2022-10-11,en,Anthem,134,neu,pos
134,samstreetwrites u want anthem play ur city stadium fxcking gypsy romanian  ,2022-10-11,en,Anthem,135,neu,pos
135,song decade lesbian anthem //t.co/ilipj1at5d  ,2022-10-11,en,Anthem,136,neu,pos
136,hollyrpeete â€™ forget cigna â€™ upcoming seminar happening thursday help navigate transition collegâ€¦  ,2022-10-11,en,Cigna,137,neu,pos
137,cigna operator foreign country earn slave wage ceo make much  ,2022-10-11,en,Cigna,138,neu,pos
138,horny_antifa hello sorry hear friend issue need assistance cigna please email letushelpu cigna.com please include twitter handle thank you-a.h  ,2022-10-11,en,Cigna,139,neu,pos
139,cignaquestions cignaquestions cigna sent detail email request respond people disposable  ,2022-10-11,en,Cigna,140,neu,pos
140,curious2k djkolp repkatieporter friend california disabled adult son finally get program need take medi-cal cigna secondary insurance â€™ accept drop cigna go program take month process  ,2022-10-11,en,Cigna,141,neu,pos
141,spacecowgrll jayecane yes dm linkedin cigna good remote hire 18/hr  ,2022-10-11,en,Cigna,142,neu,pos
142,â€™ point pay cigna dental insurance â€™ 0 network provider  ,2022-10-11,en,Cigna,143,neu,pos
143,'s cigna tax evasion claim n't make enough money save decline medically necessary test  ,2022-10-11,en,Cigna,144,neu,pos
144,johnnosta cigna hi johnnosta 'm reporter propublica working series health insurance claim deny 're open sharing experience please fill form bottom post help shape reporting //t.co/clhphpqki5  ,2022-10-11,en,Cigna,145,neu,pos
145,n't know whether mad kbhome bare bone ppo cigna allow offer plan anyone family special need prepare service minimal deny leaving pick tab # katieporter  ,2022-10-11,en,Cigna,146,neu,pos
146,beckster7783 cigna hi beckster7783 'm reporter working project health insurance claim deny 're open share experience colleague please fill form bottom post //t.co/clhphpqki5  ,2022-10-11,en,Cigna,147,neu,pos
147,alwaysiron sandyshriver9 tulsigabbard gop lol please use fact fake blame please ğŸ˜‚ democrat champion healthcare thank joe biden tax break make cigna plan 2 people 40 month # letsbereal # fuckgoplies  ,2022-10-11,en,Cigna,148,neu,pos
148,_nanahemaaa aliyahvallen ask lol ğŸ˜‚ get cigna hope covering  ,2022-10-11,en,Cigna,149,neu,pos
149,cigna cigna ball  ,2022-10-11,en,Cigna,150,neu,pos
150,hollyrpeete cigna great tip thank  ,2022-10-11,en,Cigna,151,neu,pos
151,big thanks team cigna wonderful volunteer spend day helping keep thing clean growing outside â€“ vacuum scrubbing van trainer use take fidelco dog training every day //t.co/0cfllxypoq  ,2022-10-11,en,Cigna,152,neu,pos
152,itijonline cigna connect offer employer three comprehensive plan staff travelling abroad work covering range specifiâ€¦  ,2022-10-11,en,Cigna,153,neu,pos
153,made_marian cigna good verbally electronically name keep change back birth without request fix 3 x tell either someone dept inept  ,2022-10-11,en,Cigna,154,neu,pos
154,cigna connect offer employer three comprehensive plan staff travelling abroad work covering range specific individual need employee access quality healthcare right cost //t.co/dwylzmkywp # workingabroad # travel # healthcare  ,2022-10-11,en,Cigna,155,neu,pos
155,livein2050 afternoon begin panel feature kennedyforum ceo rebeccaobagley1 news medical contributor lipiroy cignâ€¦  ,2022-10-11,en,Cigna,156,neu,pos
156,afternoon begin panel feature kennedyforum ceo rebeccaobagley1 news medical contributor lipiroy cigna â€™ doug nemecek panelist discuss topic opioid crisis addiction stigma healthcare post-pandemic # wellbeingforum # wbf22 //t.co/428boqcb8d  ,2022-10-11,en,Cigna,157,neu,pos
157,cigna thank unsolicited mail late mother way 's corpus christi corp [ sic ] christi  ,2022-10-11,en,Cigna,158,neu,pos
158,hollyrpeete cigna son 17 january thought transition absolutely terrify ğŸ˜© know â€™ keep mom bubble forever â€™ going sign seminar  ,2022-10-11,en,Cigna,159,neu,pos
159,demand cigna better  ,2022-10-11,en,Cigna,160,neu,pos
160,cigna â€™ medical director may know exam need align menstrual cycle radiology â€™ book schedule even eventually get reckless denial reverse delay reckless health  ,2022-10-11,en,Cigna,161,neu,pos
161,# breastcancerawarenessmonth month â€™ like call cigna deny schedule bilateral breast mri  ,2022-10-11,en,Cigna,162,neu,pos
162,semaphore_vtg cigna evicorehc â€™ worst nickname â€™ ever guess yeah  ,2022-10-11,en,Cigna,163,neu,pos
163,ninaippolito cigna evicorehc open accept ninipip nickname  ,2022-10-11,en,Cigna,164,neu,pos
164,moneytalksnews major issue patient aware live worse med svcs & amp rx cabal run # pbms expressscripts cigna cvs_caremark cvshealth optumrx unitedhealthgrp walgreens alliancerxwp | energycommerce frankpallone helpcmtedems pattymurray hhs_ash hhsgov //t.co/1mph6pozav  ,2022-10-11,en,Cigna,165,neu,pos
165,btw cigna 3+ week since member team contact claim â€™ resolve yet thought say â€™ help  ,2022-10-11,en,Cigna,166,neu,pos
166,johandalgaard exarch ntkallday yes miss healthcare terribly pay medical cost tax 's awful cigna cancel hospital use medically complex child despise american health insurance company  ,2022-10-11,en,Cigna,167,neu,pos
167,careplanmedia saltylungs cigna â€™ found cheap simple without point cigna worst  ,2022-10-11,en,Cigna,168,neu,pos
168,noopnoo23427407 cigna haha thankfully get approve annual lung transplant appts pretty easily  ,2022-10-11,en,Cigna,169,neu,pos
169,cigna never supervisor available incompetent ppl understand basic question like moron dealing ask supervisor ohhh one â€™ available company joke  ,2022-10-11,en,Cigna,170,neu,pos
170,saltylungs cigna sorry assume imaging ct chest  ,2022-10-11,en,Cigna,171,neu,pos
171,noopnoo23427407 cigna â€™ lung ct unfortunately lol although manage get cover mri instead make zero sense work  ,2022-10-11,en,Cigna,172,neu,pos
172,saltylungs cigna probably least mild reduction diffusion pfts reduce diffusion always work ct chest diagnosis getting approve  ,2022-10-11,en,Cigna,173,neu,pos
173,cigna discus great opportunity aedp include fun note several leader across organization start aedp //t.co/upu0vqb9m6 # actuarialscience # actuarialstudent # actuary # blackactuary # iabafallfair # iabacareers //t.co/15uqhm8bv0  ,2022-10-11,en,Cigna,174,neu,pos
174,â€™ forget cigna â€™ upcoming seminar happening thursday help navigate transition college # autism spectrum sign //t.co/i4scngz4er //t.co/zwsyhywsgy  ,2022-10-11,en,Cigna,175,neu,pos
175,dear cigna 0 interest provide free labor fuck //t.co/fnja0ljsjd  ,2022-10-11,en,Cigna,176,neu,pos
176,customer service representative - work home remote cigna customer service advocate patient care hear express script ... # customerservice # remoteglobal //t.co/gkeif9paxz  ,2022-10-11,en,Cigna,177,neu,pos
177,rafael_paredesr cignaquestions cigna evernorth thank thing want alpa union voteâ€¦  ,2022-10-11,en,Cigna,178,neu,pos
178,cignaquestions cigna evernorth thank thing want alpa union vote get sedate dump company unfortunately experience horrible  ,2022-10-11,en,Cigna,179,neu,pos
179,congratulation mr. wes queen vision steadfast commitment legacy leader public policy 20th anniversary â¦ umdpublichealthâ© â¦ bdlushniakâ© â¦ president_pinesâ© â¦ cignaâ© â¦ mtosterholmâ© â¦ lawrencegostinâ© â¦ bylenasunâ© //t.co/dku7gx4rsp  ,2022-10-11,en,Cigna,180,neu,pos
180,fast forward 2022 insurance change cigna feeling symptomatic level check & amp 're bad ferritin 2 hemaglobin 10 iron 18 iron sat 3 % make nearly year 9/  ,2022-10-11,en,Cigna,181,neu,pos
181,ldevlinct pls tone us-against-them strategy bc u know corruption party 're patriot know machine work really ceo cigna paedophile fugitive justice # philgiordano 's look like republican party  ,2022-10-11,en,Cigna,182,neu,pos
182,ninaippolito cigna 'm truly sorry frustration would like look authorization & amp help however please email medium evicore.com email please include patient name date birth health plan case number available contact number thank -hcd  ,2022-10-11,en,Cigna,183,neu,pos
183,mh1 eg cigna global backup  ,2022-10-11,en,Cigna,184,neu,pos
184,current digital age company constantly adapt stay ahead curve cigna â€™ data analytics chief katya andersen explain company â€™ test-and-learn approach key come innovation //t.co/asbmg9fizz # cignanews //t.co/crxfxk4ole  ,2022-10-11,en,Cigna,185,neu,pos
185,cigna corporation ci safe stock invest - yahoo finance //t.co/av1w2mzw4j //t.co/0bl5dzrcc2  ,2022-10-11,en,Cigna,186,neu,pos
186,chaes0l long since get cigna-ture-ture-ture  ,2022-10-11,en,Cigna,187,neu,pos
187,program partner greenbergwexler johnhancockusa ukginc supporting partner silbersteingrp raine & amp son knock kenmore pest control realpage risk strategy company minkoff company inc. crime intervention alarm cigna getg5 & amp n construction 3/4  ,2022-10-11,en,Cigna,188,neu,pos
188,cigna tell email yesterday tell someone would email back shortly cricket â€™ 24hrs nothing 24hrs son 4 needle knee drain another 20cc â€™ fluid â€™ need surgery  ,2022-10-11,en,Cigna,189,neu,pos
189,unitedhealth humana cv health kaiser permanente cigna others program large insurer also accused fraud court //t.co/thray0quil  ,2022-10-11,en,Cigna,190,neu,pos
190,get inscrutable prerecord call cigna evicorehc electronic voice repeatedly say â€œ regulatory requirement ninipippolido press 1 yes 2 no. â€ say saying yes however brilliant  ,2022-10-11,en,Cigna,191,neu,pos
191,lisakbarth cigna propublica every month submit home test claim cigna two three time annotation explain owe approve use right form complete correctly â€™ math two test per box two people per household  ,2022-10-11,en,Cigna,192,neu,pos
192,cigna expand medicare advantage plan 2023 giving american health care choice personalization social support cigna / october 3 2022 / / read article //t.co/f5thugv1ol  ,2022-10-11,en,Cigna,193,neu,pos
193,//t.co/mwacfbn9up major u insurance company stole billion taxpayer overbilling scam accused include unitedhealth humana cv health kaiser permanente cigna others program large insurer also accused fraud court  ,2022-10-11,en,Cigna,194,neu,pos
194,cigna # worldmentalhealthday want raise awareness mental health issue affect people around world help ensâ€¦  ,2022-10-11,en,Cigna,195,neu,pos
195,`` accused company include unitedhealth humana cv health kaiser permanente cigna others '' major u insurance company stole billion taxpayer overbilling scam //t.co/4ltpsyalqv  ,2022-10-11,en,Cigna,196,neu,pos
196,cigna lol fuck craven  ,2022-10-11,en,Cigna,197,neu,pos
197,long since get cigna-ture-ture-ture //t.co/ioeemfn2wq  ,2022-10-11,en,Cigna,198,neu,pos
198,guess really sick possibly covid second time since ivig infusion keep getting deny cigna seriously probably die bull shit  ,2022-10-11,en,Cigna,199,neu,pos
199,damienisgoodmon matt briefly take block quote tweet & amp contort justify classist & amp racist anti-pâ€¦  ,2022-10-11,en,Cigna,200,neu,pos
200,hollyrodfdn â€™ forget cigna â€˜ upcoming seminar happening thursday help navigate transition collegâ€¦  ,2022-10-11,en,Cigna,201,neu,pos
201,# digital # pharmacy market segment # medicine & amp treatment personal care product # vitamin & amp supplement & amp product get info //t.co/g7zolinjuu # digitalpharmacy # drug # vitamin # supplement # diabetes cigna optum goodrx amazon //t.co/gqrxhh1xnk  ,2022-10-11,en,Cigna,202,neu,pos
202,we3churchgirls miss # fcps email change insurance cigna good experience cigna maybe thâ€¦  ,2022-10-11,en,Cigna,203,neu,pos
203,â€™ forget cigna â€˜ upcoming seminar happening thursday help navigate transition college autism spectrum sign //t.co/g0wxirluzx hollyrpeete # autism ğŸ’™ //t.co/itza4j3ant  ,2022-10-11,en,Cigna,204,neu,pos
204,ainewalter working rssb ex.rama mmi radiant old mutual ex uap prime insurance britam sanlam equity cigna itm individual  ,2022-10-11,en,Cigna,205,neu,pos
205,short interest cigna ci +2.9 % mom # option # stock spy check tool //t.co/lavulvare9 //t.co/eyxtqub9ii  ,2022-10-11,en,Cigna,206,neu,pos
206,program management advisor - work home - express script remote cigna job summary program management advisor support ... # home # remotehunt # cigna //t.co/tkppeqqhov  ,2022-10-11,en,Cigna,207,neu,pos
207,ci technical analysis cigna corp nyse ci show may setting breakout //t.co/jmyagekwms //t.co/rat8zvwalx  ,2022-10-11,en,Cigna,208,neu,pos
208,stevewagsinvest 10 large dividend company worldğŸ’° v visa lly eli lilly aapl apple nvda nvidia msft microsoft xomâ€¦  ,2022-10-11,en,UnitedHealth,209,neu,pos
209,elgingihy simon stevens blair â€™ advisor pushing thru pfi & amp outsource executive massive health insurer unâ€¦  ,2022-10-11,en,UnitedHealth,210,neu,pos
210,21plus21 grodoubleg bestknappever kathylehan3 mike_muffler flsurgeongen 's link nih website pubmed central arâ€¦  ,2022-10-11,en,UnitedHealth,211,neu,pos
211,"stockmktnewz buy 10,000 spy 's much large stock 're buying 692 apple aapl 571 microsoftâ€¦  ",2022-10-11,en,UnitedHealth,212,neu,pos
212,unitedhealth group senior customer service representative 16â€“ 29/hr ğŸ”—link apply //t.co/8w8ecnppyz  ,2022-10-11,en,UnitedHealth,213,neu,pos
213,unitedhealth group cobra processor enrollment eligibility representative 16â€“ 29/hr ğŸ”—link apply //t.co/8w8ecnppyz  ,2022-10-11,en,UnitedHealth,214,neu,pos
214,price unitedhealth group unh talk people listen stock trader daily produce trading report using proprietary method methodology [ ... ] //t.co/3e7chmsqof click detail  ,2022-10-11,en,UnitedHealth,215,neu,pos
215,federal judge permit unitedhealth acquisition change healthcare proceed plan recent string doj loss path open & amp activity healthcare industry continue unprecedented level //t.co/u6my8vrarq  ,2022-10-11,en,UnitedHealth,216,neu,pos
216,nurse practitioner house call midwest regional traveler sign bonus - fargo - unitedhealth group # fargo # job //t.co/eoa20rdfll  ,2022-10-11,en,UnitedHealth,217,neu,pos
217,unh | price unitedhealth group unh talk people listen unh //t.co/ivkzkwlnfq //t.co/ygjsaivw6q  ,2022-10-11,en,UnitedHealth,218,neu,pos
218,unitedhealth group unh beat q3 earnings estimate //t.co/oxuvqwutur # news # stock # stockmarketnews  ,2022-10-11,en,UnitedHealth,219,neu,pos
219,faircostplans # cartel earnings watch-unitedhealth record 3.3b profit q2- 60.6 billion q2 8 % optum bring almost 1/2 28â€¦  ,2022-10-11,en,UnitedHealth,220,neu,pos
220,aapl 02 260 832 992 294 aramco msft 01 702 487 804 936 goog 01 295 430 550 588 amzn 01 173 860 433 205 tsla 00 699 166 777 608 berkshire unitedhealth johnson exxon visa bitcoin 00 365 512 686 614 walmart meta # bigtech 7 424 502 952 551 //t.co/z4wc2sk8ji  ,2022-10-11,en,UnitedHealth,221,neu,pos
221,"sj_pete droz dr. oz invest 715,000 company blame skyrocket insulin cost mehmet oz specifically call unâ€¦  ",2022-10-11,en,UnitedHealth,222,neu,pos
222,insurance advertising market may see big move major giant unitedhealth group liberty mutual geico //t.co/f6f3qoaqyn # insurance # geico # advertising # marketing # healthinsurance //t.co/9btk91path //t.co/2tgvs9xxap  ,2022-10-11,en,UnitedHealth,223,neu,pos
223,fed case unitedhealth-change merger 'serious flaw judge say //t.co/gyo1ccpuza via fiercehealth # healthcare  ,2022-10-11,en,UnitedHealth,224,neu,pos
224,# unitedhealth group unh good # fundamental analysis score fa score check various fa indicator value score 5-year chart like p/e p/b p/s d/e roe roa roic gross margin ebitda etc # stock # stock # stockmarket # investment # investing //t.co/gr3yvqq4oy //t.co/jo0pophm0t  ,2022-10-11,en,UnitedHealth,225,neu,pos
225,"october 11,2022 unitedhealth group 's unh third-quarter result likely benefit high premium membership growth unitedhealthcare unit  ",2022-10-11,en,UnitedHealth,226,neu,pos
226,tradingview top 10 large company actually positive year 1 unitedhealth +4 % 2 exxon mobil +51 % 3 chevroâ€¦  ,2022-10-11,en,UnitedHealth,227,neu,pos
227,investingcom ğŸ‡ºğŸ‡¸earnings week -jpmorgan chase -morgan stanley -citigroup -wells fargo -blackrock -pnc financial -u.s. bancorp -wâ€¦  ,2022-10-11,en,UnitedHealth,228,neu,pos
228,repmarkpocan hmm simple request info mother online unitedhealth aarp month ago unrelenting call personal cell # finally cease  ,2022-10-11,en,UnitedHealth,229,neu,pos
229,epic hit crossroad judge rule unitedhealth 's change bid & amp meta face health data pressure //t.co/mbcjgd8i7i via statnews # healthcare  ,2022-10-11,en,UnitedHealth,230,neu,pos
230,career possibility endless work fortune 500 company # walmart # amazon # apple # cv health # unitedhealth group top company offer opportunity learn grow variety field source forbes - //t.co/1dzwbhbghh //t.co/hkgg7mfm1o  ,2022-10-11,en,UnitedHealth,231,neu,pos
231,pjk4brainhealth unitedhealth group insurer use profit invest mental health substance use disorder care duâ€¦  ,2022-10-11,en,UnitedHealth,232,neu,pos
232,ihwcouncil # meetourspeaker m swati rangachari vice president country leader - public affair strategic engagement unitedheâ€¦  ,2022-10-11,en,UnitedHealth,233,neu,pos
233,`` anthem ... pay doctor say patient sick executive unitedhealth group country â€™ large insurer tell worker mine old medical record illness â€” â€™ find enough sent back try ''  ,2022-10-11,en,UnitedHealth,234,neu,pos
234,# cdaofall partner arijit sengupta founder aible & amp rus lawrence distinguish engineer unitedhealth group getting ready share # cdaofall attendee rethink way extract value data using ai scale n't forget follow # cdaofall //t.co/xksi8ewj0g  ,2022-10-11,en,UnitedHealth,235,neu,pos
235,teamcryptowhale earnings release thursday blackrock blk delta air line dal progressive pgr walgreens boot alliance wba â€¦  ,2022-10-11,en,UnitedHealth,236,neu,pos
236,sonodoc99 unitedhealth â€™ chief financial officer overrule committee â€™ objection well fargo â€œ so-called jumbo customer â€ major lender main underwriter unitedhealth â€™ business lawsuit state //t.co/cxd30pj533 employee peon like patient ..  ,2022-10-11,en,UnitedHealth,237,neu,pos
237,sonodoc99 fyi john rex unh cfo sue abuse 401k plan investment well name financial report .. taking care client well fargo ahead employee interest suit say //t.co/ll4vivdhik  ,2022-10-11,en,UnitedHealth,238,neu,pos
238,# stonksteam tuesday 08 54 # nyc xlf daily ... wow ... earnings jpmorgan chase & amp co. citigroup inc. morgan stanley blackrock inc. delta air line inc. unitedhealth group inc. u.s. bancorp well fargo & amp co. le worse fear ... oh rally could happen //t.co/bnqayrmycn //t.co/8y6xbwgtdo  ,2022-10-11,en,UnitedHealth,239,neu,pos
239,unitedhealth group incorporate 's quarterly revenue growth rate yoy 13.10 % rank 2026 5763 company database //t.co/bowdwtohjy unh ğŸš€ğŸš€ğŸš€ğŸš€ğŸš€ //t.co/hnszp6enct  ,2022-10-11,en,UnitedHealth,240,neu,pos
240,earnings release thursday blackrock blk delta air line dal progressive pgr walgreens boot alliance wba commercial metal cmc taiwan semiconductor tsm friday jpmorgan jpm citigroup c morgan stanley m pnc pnc u.s. bancorp usb unitedhealth unh  ,2022-10-11,en,UnitedHealth,241,neu,pos
241,walmart 's another step retailer 's continue push health care last month walmart announce 10-year partnership health insurer unitedhealth group offer service growing chain walmart health clinic //t.co/hfc9nfsi9l # arbiz  ,2022-10-11,en,UnitedHealth,242,neu,pos
242,optum visitor discuss potential and/or actual layoff optum see discussion //t.co/mfvvwew07k # unh # unitedhealth unh # optum # layoff # layoff # employment # jobcuts # edenprairie # minnesota # healthcarejobs # healthcare ğŸ¤–  ,2022-10-11,en,UnitedHealth,243,neu,pos
243,ciovaccocapital earnings week include jpmorgan chase & amp co. citigroup inc. morgan stanley blackrock inc. delta air line inc.â€¦  ,2022-10-11,en,UnitedHealth,244,neu,pos
244,grodoubleg bestknappever kathylehan3 mike_muffler flsurgeongen 's link nih website pubmed central archive article richard smith former chief executive unitedhealth europe publish journal royal society medecine //t.co/fnzgmlbig1 ğŸ‘‡ğŸ˜„ //t.co/v7pl27hthu  ,2022-10-11,en,UnitedHealth,245,neu,pos
245,earnings week include jpmorgan chase & amp co. citigroup inc. morgan stanley blackrock inc. delta air line inc. unitedhealth group inc. u.s. bancorp well fargo & amp co. via bloomberg  ,2022-10-11,en,UnitedHealth,246,neu,pos
246,consultant care transformation telecommute unitedhealth group combine two fastestgrowing field planet culture performance collaboratio ... # home # devsnap //t.co/m7d7tau0nh  ,2022-10-11,en,UnitedHealth,247,neu,pos
247,unitedhealth group hire remote hospital outpatient coder apply ğŸ‘‡ //t.co/8d7h5gcrax # remotejobs # remotework  ,2022-10-11,en,UnitedHealth,248,neu,pos
248,billing customer service representative - national remote - hire immediately unitedhealth group youll enjoy fl ... # customerservice # skipthedrive //t.co/xadppcf2uq  ,2022-10-11,en,UnitedHealth,249,neu,pos
249,short interest unitedhealth unh +7.1 % mom # option # stock spy check tool //t.co/lavulvare9 //t.co/p5yxpujazb  ,2022-10-11,en,UnitedHealth,250,neu,pos
250,remotetechjobs0 unitedhealth group hire ux designer - telecommute combine two fastest-growing field planet withâ€¦  ,2022-10-11,en,UnitedHealth,251,neu,pos
251,# insurviewdaily tpg capital finalize 2.2b purchase claimsxten change healthcare unitedhealth group 's purchase change healthcare complete tpg capital finalize acquisition claimsxten 2.2 billion //t.co/8eyii6fm6z  ,2022-10-11,en,UnitedHealth,252,neu,pos
252,"droz dr. oz invest 715,000 company blame skyrocket insulin cost mehmet oz specifically call unitedhealth cv soaring price â€” 's heavily invest fraud & amp scammer  ",2022-10-11,en,UnitedHealth,253,neu,pos
253,nearly 20 % medicare advantage plan lose star revenue 2023 //t.co/pi41ciawd8 via modrnhealthcr  ,2022-10-11,en,UnitedHealth,254,neu,pos
254,customer service quality audit representative-telecommute unitedhealth group career medexpress medexpress believe ... # telemarketing # fiverr //t.co/iv7rgxoxar  ,2022-10-11,en,UnitedHealth,255,neu,pos
255,â€¢thursday jobless claim earnings expect blackrock delta domino â€™ infosys walgreens progressive â€¢friday earnings expect citi well fargo jpmorgan chase u bank unitedhealth pnc financial morgan stanley  ,2022-10-11,en,UnitedHealth,256,neu,pos
256,unitedhealth stock trend high post q3 //t.co/hr1x7gau24  ,2022-10-11,en,UnitedHealth,257,neu,pos
257,askuhc make 287b last year 24 billion profit //t.co/bkenly8mvf //t.co/93l9c3qgnb  ,2022-10-11,en,UnitedHealth,258,neu,pos
258,maxkennerly tuneintogoonan askuhc make 287b last year 24 billion profit //t.co/bkenly8mvf  ,2022-10-11,en,UnitedHealth,259,neu,pos
259,askuhc make 287b last year 24 billion profit //t.co/bkenly8mvf //t.co/pg1pybh5cp  ,2022-10-11,en,UnitedHealth,260,neu,pos
260,unitedhealth group incorporate nyse unh share buy arnhold llc //t.co/n0krtavtep  ,2022-10-11,en,UnitedHealth,261,neu,pos
261,unitedhealth stock trend high post q3 //t.co/kovxi4pgzj # news # stock # stockmarketnews  ,2022-10-11,en,UnitedHealth,262,neu,pos
262,stockmktnewz large stock perform today apple aapl +0.2 % microsoft msft -2.1 % google googl -0.8 % amazon amzn -0.8 % teâ€¦  ,2022-10-11,en,UnitedHealth,263,neu,pos
263,remotetechjobs0 unitedhealth group hire principal backend software engineer - telecommute combine two fastest-growing fiâ€¦  ,2022-10-11,en,UnitedHealth,264,neu,pos
264,unitedhealth group hire principal backend software engineer - telecommute combine two fastest-growing field planet culture performance collaboration opportunity ... //t.co/cwky6y6ooi # remote # back-end # job  ,2022-10-11,en,UnitedHealth,265,neu,pos
265,cadeinvests 5 healthcare sector break two sub-categories pharmaceutical developer follow healthcare servicesâ€¦  ,2022-10-10,en,UnitedHealth,266,neu,pos
266,marketcurrents unh nvro - nevro 9 % unitedhealth wo n't cover spinal cord stimulation indication //t.co/q8câ€¦  ,2022-10-10,en,UnitedHealth,267,neu,pos
267,"buy 10,000 spy 's much large stock 're buying 692 apple aapl 571 microsoft msft 368 google googl 332 amazon amzn 194 tesla tsla 159 berkshire brk.b 154 unitedhealth unh 138 jnj 138 exxon xom //t.co/v21yrk1ffz  ",2022-10-10,en,UnitedHealth,268,neu,pos
268,gaycivilrights bombshell report accuse unitedhealth humana cv health kaiser permanente cigna private insurer maâ€¦  ,2022-10-10,en,UnitedHealth,269,neu,pos
