,word,Frequency
0,co,146
1,cigna,81
2,aetna,77
3,anthem,53
4,unitedhealth,49
5,health,40
6,get,29
7,group,29
8,amp,28
9,plan,27
10,company,26
11,insurance,20
12,healthcare,19
13,national,18
14,year,17
15,call,17
16,unh,16
17,help,15
18,make,14
19,cv,14
20,work,13
21,pay,13
22,thank,13
23,care,13
24,stock,13
25,inc,12
26,take,11
27,two,11
28,deny,10
29,need,10
30,2023,10
31,10,10
32,include,10
33,know,10
34,sponsor,10
35,one,10
36,please,10
37,earnings,10
38,use,9
39,month,9
40,program,9
41,say,9
42,people,9
43,claim,9
44,service,9
45,change,9
46,like,9
47,heart,9
48,song,9
49,large,9
50,patient,8
51,time,8
52,better,8
53,last,8
54,learn,8
55,good,8
56,email,8
57,today,8
58,home,8
59,want,8
60,medicare,8
61,billion,8
62,fargo,8
63,medical,7
64,also,7
65,available,7
66,sent,7
67,thing,7
68,back,7
69,re,7
70,option,7
71,since,7
72,via,7
73,party,7
74,thursday,7
75,insurer,7
76,blackrock,7
77,employee,6
78,new,6
79,opportunity,6
80,working,6
81,aetnahelp,6
82,humana,6
83,provider,6
84,tell,6
85,right,6
86,would,6
87,see,6
88,approve,6
89,advantage,6
90,provide,6
91,american,6
92,apply,6
93,optum,6
94,check,6
95,offer,6
96,invest,6
97,experience,6
98,forget,6
99,remote,6
100,hire,6
101,customer,6
102,ture,6
103,jpmorgan,6
104,morgan,6
105,stanley,6
106,delta,6
107,well,6
108,doctor,5
109,try,5
110,value,5
111,way,5
112,individual,5
113,next,5
114,league,5
115,teamcvs,5
116,bill,5
117,several,5
118,hr,5
119,high,5
120,fix,5
121,financial,5
122,keep,5
123,late,5
124,cost,5
125,level,5
126,great,5
127,news,5
128,field,5
129,son,5
130,seminar,5
131,transition,5
132,post,5
133,growing,5
134,major,5
135,representative,5
136,aapl,5
137,apple,5
138,profit,5
139,walmart,5
140,chase,5
141,citigroup,5
142,air,5
143,line,5
144,telecommute,5
145,present,4
146,address,4
147,peds_ortho,4
148,reimburse,4
149,never,4
150,dallas,4
151,agent,4
152,discus,4
153,career,4
154,website,4
155,cvshealth,4
156,colleague,4
157,really,4
158,big,4
159,without,4
160,urban,4
161,annual,4
162,award,4
163,social,4
164,and,4
165,part,4
166,arthritisstl,4
167,going,4
168,online,4
169,even,4
170,fraud,4
171,someone,4
172,state,4
173,benefit,4
174,report,4
175,follow,4
176,ct,4
177,issue,4
178,executive,4
179,dr,4
180,look,4
181,accept,4
182,support,4
183,friend,4
184,public,4
185,share,4
186,country,4
187,ukrainian,4
188,break,4
189,world,4
190,hear,4
191,tax,4
192,watch,4
193,leader,4
194,day,4
195,name,4
196,hollyrpeete,4
197,upcoming,4
198,happening,4
199,navigate,4
200,ceo,4
201,cignaquestions,4
202,yes,4
203,test,4
204,open,4
205,lol,4
206,sign,4
207,walgreens,4
208,week,4
209,interest,4
210,ci,4
211,kaiser,4
212,permanente,4
213,accused,4
214,amazon,4
215,spy,4
216,msft,4
217,microsoft,4
218,link,4
219,000,4
220,oz,4
221,pnc,4
222,bancorp,4
223,combine,4
224,christian,3
225,join,3
226,give,3
227,house,3
228,copay,3
229,necessary,3
230,med,3
231,something,3
232,life,3
233,meet,3
234,charge,3
235,phone,3
236,network,3
237,information,3
238,business,3
239,fuck,3
240,first,3
241,friday,3
242,announce,3
243,president,3
244,team,3
245,session,3
246,actuarialstudent,3
247,number,3
248,ca,3
249,go,3
250,hope,3
251,resolve,3
252,site,3
253,management,3
254,fan,3
255,actually,3
256,guess,3
257,given,3
258,determinant,3
259,or,3
260,money,3
261,owe,3
262,shotswiththat,3
263,let,3
264,family,3
265,etc,3
266,info,3
267,taking,3
268,unite,3
269,answer,3
270,sound,3
271,star,3
272,expect,3
273,revenue,3
274,vision,3
275,improve,3
276,quality,3
277,article,3
278,senior,3
279,insulin,3
280,save,3
281,ask,3
282,member,3
283,mental,3
284,mail,3
285,twitter,3
286,prior,3
287,association,3
288,walk,3
289,2000,3
290,show,3
291,thought,3
292,expand,3
293,simple,3
294,range,3
295,october,3
296,play,3
297,september,3
298,medically,3
299,housing,3
300,investment,3
301,best,3
302,anti,3
303,iranian,3
304,nigerian,3
305,droz,3
306,explain,3
307,perform,3
308,sing,3
309,performance,3
310,singer,3
311,long,3
312,listen,3
313,could,3
314,top,3
315,daily,3
316,much,3
317,sorry,3
318,request,3
319,form,3
320,blame,3
321,covering,3
322,three,3
323,mom,3
324,may,3
325,evicorehc,3
326,saltylungs,3
327,getting,3
328,autism,3
329,2022,3
330,data,3
331,chief,3
332,partner,3
333,others,3
334,advisor,3
335,job,3
336,buy,3
337,price,3
338,judge,3
339,q3,3
340,01,3
341,amzn,3
342,exxon,3
343,score,3
344,cdaofall,3
345,engineer,3
346,progressive,3
347,layoff,3
348,planet,3
349,fastest,3
350,askuhc,3
351,287b,3
352,24,3
353,bkenly8mvf,3
354,ùóßùóµùó≤,2
355,ùó•ùóÆùó∫ùóØùóπùó≤ùóø,2
356,ùó•ùóºùòÇùóªùó±ùòÅùóÆùóØùóπùó≤,2
357,thomas,2
358,podcast,2
359,alumna,2
360,lori,2
361,popernik,2
362,ramblerswvb,2
363,office,2
364,policy,2
365,giving,2
366,damn,2
367,na,2
368,away,2
369,atlantic,2
370,must,2
371,small,2
372,premium,2
373,usual,2
374,night,2
375,bonus,2
376,safe,2
377,proud,2
378,rhian,2
379,madrid,2
380,closing,2
381,imani,2
382,frederick,2
383,upu0vqb9m6,2
384,actuarialscience,2
385,actuary,2
386,iabafallfair,2
387,tf,2
388,crappy,2
389,936,2
390,real,2
391,ux,2
392,soon,2
393,specific,2
394,luck,2
395,word,2
396,shit,2
397,special,2
398,catholic,2
399,start,2
400,tacoma,2
401,empowerment,2
402,community,2
403,demand,2
404,credit,2
405,card,2
406,statement,2
407,legally,2
408,csroadvocacy,2
409,require,2
410,find,2
411,reprocess,2
412,run,2
413,submit,2
414,system,2
415,saying,2
416,everything,2
417,accuse,2
418,oon,2
419,apparently,2
420,trust,2
421,of,2
422,pocket,2
423,easily,2
424,still,2
425,spend,2
426,refuse,2
427,100,2
428,instead,2
429,dollar,2
430,cvspharmacy,2
431,rx,2
432,allow,2
433,oct,2
434,nalc,2
435,primary,2
436,opt,2
437,12,2
438,fyi,2
439,ppo,2
440,rating,2
441,loss,2
442,access,2
443,difference,2
444,ladiesfirst11,2
445,visit,2
446,fun,2
447,lead,2
448,director,2
449,million,2
450,client,2
451,january,2
452,2021,2
453,biden,2
454,bc,2
455,20,2
456,nothing,2
457,pbms,2
458,gt,2
459,archchicago,2
460,sale,2
461,commercial,2
462,outpatient,2
463,le,2
464,order,2
465,half,2
466,repeatedly,2
467,treatment,2
468,proudly,2
469,john,2
470,uhc,2
471,private,2
472,inclusive,2
473,halloween,2
474,update,2
475,caring,2
476,sham,2
477,auth,2
478,attendee,2
479,raise,2
480,awareness,2
481,blue,2
482,bring,2
483,affect,2
484,nurse,2
485,expressscripts,2
486,ago,2
487,partnership,2
488,title,2
489,student,2
490,happy,2
491,attend,2
492,participate,2
493,reunion,2
494,tower,2
495,tx,2
496,joke,2
497,surgery,2
498,anyone,2
499,key,2
500,affordable,2
501,across,2
502,date,2
503,republic,2
504,fall,2
505,hall,2
506,90,2
507,understand,2
508,polish,2
509,enjoy,2
510,game,2
511,wo,2
512,oh,2
513,reggae,2
514,nowplaying,2
515,main,2
516,for,2
517,shervin,2
518,hajipour,2
519,en,2
520,guest,2
521,hint,2
522,epic,2
523,stadium,2
524,deserve,2
525,13,2
526,crowd,2
527,the,2
528,medium,2
529,woman,2
530,child,2
531,whose,2
532,around,2
533,ready,2
534,pressure,2
535,trophy,2
536,come,2
537,champion,2
538,moment,2
539,founder,2
540,youtube,2
541,current,2
542,global,2
543,voice,2
544,tweet,2
545,travel,2
546,training,2
547,almost,2
548,ever,2
549,end,2
550,boar,2
551,maybe,2
552,russian,2
553,knee,2
554,second,2
555,drop,2
556,colleg,2
557,com,2
558,detail,2
559,finally,2
560,18,2
561,point,2
562,enough,2
563,johnnosta,2
564,hi,2
565,reporter,2
566,propublica,2
567,fill,2
568,bottom,2
569,clhphpqki5,2
570,beckster7783,2
571,every,2
572,connect,2
573,employer,2
574,comprehensive,2
575,staff,2
576,travelling,2
577,abroad,2
578,birth,2
579,afternoon,2
580,begin,2
581,panel,2
582,feature,2
583,kennedyforum,2
584,rebeccaobagley1,2
585,contributor,2
586,lipiroy,2
587,discuss,2
588,mother,2
589,christi,2
590,corp,2
591,schedule,2
592,reckless,2
593,mri,2
594,worst,2
595,nickname,2
596,ninaippolito,2
597,worse,2
598,contact,2
599,miss,2
600,hospital,2
601,noopnoo23427407,2
602,lung,2
603,supervisor,2
604,chest,2
605,unfortunately,2
606,cover,2
607,probably,2
608,diffusion,2
609,aedp,2
610,college,2
611,spectrum,2
612,express,2
613,script,2
614,customerservice,2
615,evernorth,2
616,alpa,2
617,union,2
618,vote,2
619,iron,2
620,nearly,2
621,strategy,2
622,however,2
623,case,2
624,digital,2
625,ahead,2
626,24hrs,2
627,another,2
628,court,2
629,complete,2
630,per,2
631,stole,2
632,taxpayer,2
633,overbilling,2
634,scam,2
635,sick,2
636,market,2
637,personal,2
638,product,2
639,vitamin,2
640,supplement,2
641,ex,2
642,old,2
643,mutual,2
644,short,2
645,tool,2
646,lavulvare9,2
647,analysis,2
648,nyse,2
649,visa,2
650,xom,2
651,un,2
652,grodoubleg,2
653,bestknappever,2
654,kathylehan3,2
655,mike_muffler,2
656,flsurgeongen,2
657,nih,2
658,pubmed,2
659,central,2
660,stockmktnewz,2
661,buying,2
662,692,2
663,571,2
664,16,2
665,29,2
666,8w8ecnppyz,2
667,talk,2
668,using,2
669,acquisition,2
670,continue,2
671,stockmarketnews,2
672,record,2
673,q2,2
674,tsla,2
675,00,2
676,berkshire,2
677,meta,2
678,715,2
679,skyrocket,2
680,mehmet,2
681,specifically,2
682,advertising,2
683,geico,2
684,fa,2
685,growth,2
686,release,2
687,blk,2
688,dal,2
689,pgr,2
690,boot,2
691,alliance,2
692,wba,2
693,sonodoc99,2
694,incorporate,2
695,culture,2
696,remotetechjobs0,2
697,tpg,2
698,capital,2
699,finalize,2
700,purchase,2
701,claimsxten,2
702,medexpress,2
703,trend,2
704,google,2
705,googl,2
706,principal,2
707,backend,2
708,software,2
709,138,2
710,loyolaramblers,1
711,pom_pnw,1
712,directory,1
713,resident,1
714,psychiatrist,1
715,recommendation,1
716,subsequently,1
717,refund,1
718,twice,1
719,medication,1
720,whatever,1
721,stupid,1
722,person,1
723,gon,1
724,else,1
725,playing,1
726,human,1
727,oop,1
728,limit,1
729,refer,1
730,eob,1
731,reflect,1
732,full,1
733,payment,1
734,wasting,1
735,thebahamabeauty,1
736,owner,1
737,heath,1
738,add,1
739,600,1
740,extortion,1
741,agility,1
742,oscarhealth,1
743,getethoslife,1
744,conquering,1
745,oep,1
746,agilitykickoff2023,1
747,lwdpgyl0vx,1
748,az,1
749,circle,1
750,winner,1
751,recognize,1
752,banner,1
753,outstanding,1
754,contribution,1
755,excellent,1
756,95nottf1nk,1
757,blackactuaries,1
758,virtual,1
759,fair,1
760,actuaryjobs,1
761,qauoy5vql2,1
762,flu,1
763,shot,1
764,0skzqs8f8h,1
765,theclearyzoo,1
766,mercy,1
767,415,1
768,6442,1
769,melissa,1
770,naftel,1
771,tricare,1
772,marincounty_da,1
773,marinhhs,1
774,us_fda,1
775,irsnews,1
776,socialsecurity,1
777,put,1
778,dialog,1
779,close,1
780,fail,1
781,paperless,1
782,kcxaiyfxeh,1
783,meditation,1
784,wordpowerpower,1
785,yogaretreat,1
786,author,1
787,encyclopedia,1
788,mantra,1
789,vtihaae2jv,1
790,enter,1
791,aca,1
792,exchange,1
793,delaware,1
794,c2vxyvqyag,1
795,standard,1
796,template,1
797,response,1
798,tend,1
799,attention,1
800,similar,1
801,situation,1
802,carefully,1
803,imply,1
804,loose,1
805,threaten,1
806,problem,1
807,riddle,1
808,batman,1
809,archdiocesan,1
810,ssm,1
811,longer,1
812,seeing,1
813,integris,1
814,baptist,1
815,xdphjl5l19,1
816,pstanft4dc,1
817,recap,1
818,send,1
819,lie,1
820,processing,1
821,unless,1
822,ridiculous,1
823,fighting,1
824,hell,1
825,paper,1
826,sitting,1
827,fucking,1
828,limbo,1
829,attach,1
830,sit,1
831,hop,1
832,clock,1
833,itemize,1
834,messaging,1
835,confirmation,1
836,message,1
837,mention,1
838,basically,1
839,select,1
840,random,1
841,exceed,1
842,out,1
843,pays,1
844,advance,1
845,robertwadeholly,1
846,starting,1
847,medicareadvantage,1
848,orgs,1
849,hhcarenews,1
850,highlight,1
851,saw,1
852,max,1
853,obligate,1
854,reimbursement,1
855,steal,1
856,thousand,1
857,shady,1
858,practice,1
859,insured,1
860,aetnanews,1
861,medicaregov,1
862,unnecessary,1
863,machination,1
864,generic,1
865,pharma,1
866,authorize,1
867,silverscript,1
868,opening,1
869,ramble,1
870,recording,1
871,b4,1
872,hbp,1
873,offering,1
874,enhance,1
875,annuitant,1
876,enrol,1
877,coverage,1
878,category,1
879,eligible,1
880,okpsyspygt,1
881,mistake,1
882,av5sgxnwai,1
883,artistlearning,1
884,dif,1
885,different,1
886,wkzofggheq,1
887,retiree,1
888,lost,1
889,below,1
890,average,1
891,cm,1
892,parent,1
893,va344sn4bk,1
894,hard,1
895,towards,1
896,single,1
897,8synrit5yf,1
898,overlandpark,1
899,nursing,1
900,jajaj341,1
901,bronze,1
902,sell,1
903,traditional,1
904,consumer,1
905,direct,1
906,relate,1
907,rl7k05mdij,1
908,tix,1
909,t63adxccvv,1
910,bbclbltiun,1
911,cultivate,1
912,environment,1
913,challenge,1
914,innovative,1
915,entrepreneurial,1
916,planning,1
917,jb4fcqqrxv,1
918,hartford,1
919,covhs,1
920,reply,1
921,negotiation,1
922,covenant,1
923,communicate,1
924,jacc,1
925,seanmulkerrins,1
926,onboardlearning,1
927,iamthejuju12,1
928,raonakz,1
929,therickydavila,1
930,pure,1
931,partisan,1
932,saving,1
933,model,1
934,diabetic,1
935,mapd,1
936,carrier,1
937,bs,1
938,hour,1
939,laweconcenter,1
940,geoffmanne,1
941,seem,1
942,familar,1
943,independent,1
944,own,1
945,represent,1
946,example,1
947,cvs,1
948,caremark,1
949,hey,1
950,lwjomotb,1
951,impact,1
952,international,1
953,7cbtdunbdy,1
954,salesjobs,1
955,among,1
956,58,1
957,do,1
958,telemedicine,1
959,49,1
960,2020,1
961,percent,1
962,2019,1
963,cmcnultyaetna,1
964,taft,1
965,parson,1
966,iii,1
967,ea0ishi0cr,1
968,supposedly,1
969,dozen,1
970,far,1
971,switching,1
972,center,1
973,beaconhealthopt,1
974,carefirst,1
975,hopkins,1
976,ehp,1
977,usfhp,1
978,maryland,1
979,medicaid,1
980,self,1
981,havttvdqzj,1
982,mission,1
983,event,1
984,6brz78g4qe,1
985,fgdnfe11sg,1
986,sa,1
987,my_tv_life,1
988,expensive,1
989,biologics,1
990,lov,1
991,seattle,1
992,weekend,1
993,disease,1
994,ktxpnei6sm,1
995,neilflochmd,1
996,erictopol,1
997,relevant,1
998,thread,1
999,n05comclwb,1
1000,brielle88,1
1001,cross,1
1002,shield,1
1003,epflcswccm,1
1004,integratedcareworks,1
1005,florida,1
1006,collaborate,1
1007,emcara,1
1008,base,1
1009,sayin,1
1010,hipaajournal,1
1011,326,1
1012,278,1
1013,ace,1
1014,ransomware,1
1015,attack,1
1016,mailing,1
1017,vendor,1
1018,hnim6wqnvp,1
1019,abttrd,1
1020,allina,1
1021,pr,1
1022,newswire,1
1023,rir4bsc9zc,1
1024,v4t39u9v3x,1
1025,lynnemthomas,1
1026,goodness,1
1027,visiting,1
1028,louisiana,1
1029,1000,1
1030,complementary,1
1031,booth,1
1032,space,1
1033,deadline,1
1034,thw7dhahmu,1
1035,urtipl4q5z,1
1036,hmacon2022,1
1037,caresource,1
1038,chessmh,1
1039,gainwelltech,1
1040,intus_care,1
1041,medarrive,1
1042,navituspbm,1
1043,getnymbl,1
1044,performrx_,1
1045,pyxhealth,1
1046,twill_happify,1
1047,vhedahealth,1
1048,rightsite,1
1049,somatus,1
1050,tender,1
1051,yuvo,1
1052,mattmeyerde,1
1053,four,1
1054,nccde,1
1055,pulsepoint,1
1056,mentalhealthcare,1
1057,kelswaddill,1
1058,healthcareaccess,1
1059,mentalhealthtraining,1
1060,initiative,1
1061,youthmentalhealthcrisis,1
1062,i6w7xdokfx,1
1063,alexis,1
1064,meyer,1
1065,ramblerswbb,1
1066,role,1
1067,ix,1
1068,athletes,1
1069,goh8mcxopo,1
1070,y6iwvpmpqt,1
1071,file,1
1072,appeal,1
1073,grievance,1
1074,physically,1
1075,bother,1
1076,calling,1
1077,scaminsurance,1
1078,focus,1
1079,insecurity,1
1080,making,1
1081,significant,1
1082,41,1
1083,massachusetts,1
1084,healthplanvalues,1
1085,spencertoder,1
1086,sparetherod_ot,1
1087,emadams83690418,1
1088,accredit,1
1089,body,1
1090,insuranc,1
1091,nowthisnews,1
1092,seeking,1
1093,protection,1
1094,russia,1
1095,latest,1
1096,missile,1
1097,strike,1
1098,kyiv,1
1099,underground,1
1100,subway,1
1101,stations,1
1102,ashkantweets,1
1103,accompany,1
1104,islamic,1
1105,intellectual,1
1106,ndukongbertrand,1
1107,lemonstre,1
1108,cup,1
1109,au1vur1mgb,1
1110,bolaagbaje,1
1111,luiseach,1
1112,charles,1
1113,william,1
1114,avoid,1
1115,liverpool,1
1116,boo,1
1117,kekanpovbk,1
1118,beloved,1
1119,eagle,1
1120,super,1
1121,bowl,1
1122,remember,1
1123,rise,1
1124,anth,1
1125,canada,1
1126,god,1
1127,drake,1
1128,biteyourbrum,1
1129,ll,1
1130,carry,1
1131,contain,1
1132,cbcradioq,1
1133,thrill,1
1134,angela,1
1135,lansbury,1
1136,90s,1
1137,dancehall,1
1138,murder,1
1139,write,1
1140,snshores,1
1141,nicki,1
1142,minaj,1
1143,sw32suprls,1
1144,aubsbunny,1
1145,trap,1
1146,tdvy0wf8um,1
1147,bbclater,1
1148,sensational,1
1149,burnaboy,1
1150,debut,1
1151,tonight,1
1152,megastar,1
1153,track,1
1154,sir_romanticguy,1
1155,sef,1
1156,caribbean,1
1157,fm,1
1158,ethiopian,1
1159,bigga,1
1160,haitian,1
1161,tune,1
1162,now,1
1163,https,1
1164,h8wkqhdzca,1
1165,ichri,1
1166,protest,1
1167,blood,1
1168,tehran,1
1169,art,1
1170,university,1
1171,chant,1
1172,slogan,1
1173,iranprot,1
1174,cbngov_akin1,1
1175,florentina,1
1176,baby,1
1177,adopt,1
1178,hon,1
1179,abike,1
1180,dabiri,1
1181,erewa,1
1182,performing,1
1183,reception,1
1184,wilhelm,1
1185,canarius,1
1186,harper,1
1187,jersey,1
1188,singing,1
1189,soviet,1
1190,mucciyaaro,1
1191,richdudegh,1
1192,davido,1
1193,stonebwoy,1
1194,atell,1
1195,nb,1
1196,vibe,1
1197,normal,1
1198,troll,1
1199,bi,1
1200,emilykschrader,1
1201,iran,1
1202,regime,1
1203,copyright,1
1204,baroye,1
1205,force,1
1206,letter,1
1207,consen,1
1208,el,1
1209,aire,1
1210,lmfao,1
1211,rock,1
1212,escuchas,1
1213,7uw3krs10q,1
1214,80,1
1215,mystery,1
1216,steelers,1
1217,throw,1
1218,pitch,1
1219,pirate,1
1220,tomorrow,1
1221,reveal,1
1222,gapptil7zx,1
1223,offkey_anthem,1
1224,excite,1
1225,alley,1
1226,ahsghagsha,1
1227,direction,1
1228,distance,1
1229,relationship,1
1230,stick,1
1231,head,1
1232,zoryalondonsk,1
1233,ucl,1
1234,army,1
1235,shakhtar,1
1236,a0gw4wi6sj,1
1237,iwillyeah_bai,1
1238,karensethuraman,1
1239,notabot1976,1
1240,q9wzanc7ym,1
1241,poll,1
1242,africanjesu,1
1243,african,1
1244,independence,1
1245,flag,1
1246,highlyfe_shawty,1
1247,glorilla,1
1248,ratchet,1
1249,bodak,1
1250,yellow,1
1251,a2qbsbno2t,1
1252,edmhousenetwrk,1
1253,dimitrivegas,1
1254,likemike,1
1255,chanting,1
1256,tomorrowland,1
1257,hum,1
1258,retweet,1
1259,love,1
1260,adeemtheartist,1
1261,aaron,1
1262,cissy,1
1263,breeder,1
1264,queer,1
1265,christmas,1
1266,egyptiysis,1
1267,yadrgvchwy,1
1268,oluwalargess,1
1269,leave,1
1270,realmadrid,1
1271,bless,1
1272,halamadrid,1
1273,owv,1
1274,chrisrifer,1
1275,willing,1
1276,madison,1
1277,shanley,1
1278,thorn,1
1279,semifina,1
1280,their,1
1281,official,1
1282,ebetesuxfv,1
1283,amwob30j9w,1
1284,musicmake,1
1285,newmusic,1
1286,musicvideo,1
1287,ge2022,1
1288,generalelectionnow,1
1289,donal_okeeffe,1
1290,evening,1
1291,thirty,1
1292,mostly,1
1293,young,1
1294,sang,1
1295,omid_m,1
1296,absurd,1
1297,judiciary,1
1298,shervinhajipour,1
1299,become,1
1300,solidarity,1
1301,safuuxnews,1
1302,safuu,1
1303,nba,1
1304,famous,1
1305,dj,1
1306,djogone,1
1307,itzmighty,1
1308,pl,1
1309,carticharts_,1
1310,playboi,1
1311,carti,1
1312,stream,1
1313,spotify,1
1314,artist,1
1315,magnolia,1
1316,589m,1
1317,shoota,1
1318,500m,1
1319,woekuplikethis,1
1320,425m,1
1321,sky,1
1322,4le30tadqm,1
1323,skysportspl,1
1324,win,1
1325,fine,1
1326,badly,1
1327,return,1
1328,emirate,1
1329,attract,1
1330,player,1
1331,squad,1
1332,lenzouno,1
1333,commit,1
1334,user,1
1335,tech,1
1336,jonathan,1
1337,isaac,1
1338,demonstrate,1
1339,knowledge,1
1340,gospel,1
1341,mean,1
1342,many,1
1343,evangelical,1
1344,eva,1
1345,kneel,1
1346,wjrajwtosg,1
1347,spotifycharts,1
1348,fave,1
1349,duo,1
1350,samsmith,1
1351,kimpetras,1
1352,spooky,1
1353,season,1
1354,spot,1
1355,amaze,1
1356,bportgtennis,1
1357,rylee,1
1358,pierce,1
1359,incredible,1
1360,match,1
1361,greece,1
1362,storm,1
1363,letsgobluedevils,1
1364,ffuefx35fu,1
1365,seanalmighty201,1
1366,2pac,1
1367,biggie,1
1368,naughty,1
1369,nature,1
1370,uptown,1
1371,mrnbrdtdee,1
1372,mxiii_music,1
1373,asapferg,1
1374,kingbli,1
1375,drninaansary,1
1376,baraye,1
1377,compose,1
1378,protester,1
1379,death,1
1380,mahsa,1
1381,amini,1
1382,became,1
1383,drjamieaten,1
1384,ukraine,1
1385,trauma,1
1386,spiritual,1
1387,aid,1
1388,200,1
1389,neither,1
1390,attending,1
1391,lowzkupgzq,1
1392,biggboss,1
1393,colorstv,1
1394,banijaygroup,1
1395,bigg,1
1396,bos,1
1397,anthom,1
1398,dance,1
1399,nice,1
1400,hate,1
1401,biggboos16,1
1402,alive,1
1403,fuckin,1
1404,waste,1
1405,repetition,1
1406,auntiechantel,1
1407,arealogi,1
1408,weak,1
1409,fr,1
1410,rehs0lmhpd,1
1411,6ctwpr3v8f,1
1412,dogswhisker,1
1413,bisexual,1
1414,firstkanaphan,1
1415,janeeyeh,1
1416,sea_tawinan,1
1417,panlyyy,1
1418,8fpw8uyf1k,1
1419,brynlaw,1
1420,wrexham_afc,1
1421,club,1
1422,wrexham,1
1423,og,1
1424,hoochie,1
1425,onxl6eky2l,1
1426,vikvkravchuk,1
1427,february,1
1428,25th,1
1429,occupation,1
1430,sumy,1
1431,birthplace,1
1432,minister,1
1433,dmytro,1
1434,kuleba,1
1435,incidentally,1
1436,backshotleaks,1
1437,jellyesportsnft,1
1438,rascal,1
1439,degenftevents,1
1440,enoug,1
1441,indian,1
1442,contingent,1
1443,india,1
1444,host,1
1445,historic,1
1446,fifa,1
1447,u17,1
1448,wc,1
1449,ec3qp0jbva,1
1450,samstreetwrites,1
1451,ur,1
1452,city,1
1453,fxcking,1
1454,gypsy,1
1455,romanian,1
1456,decade,1
1457,lesbian,1
1458,ilipj1at5d,1
1459,operator,1
1460,foreign,1
1461,earn,1
1462,slave,1
1463,wage,1
1464,horny_antifa,1
1465,hello,1
1466,assistance,1
1467,letushelpu,1
1468,handle,1
1469,you,1
1470,respond,1
1471,disposable,1
1472,curious2k,1
1473,djkolp,1
1474,repkatieporter,1
1475,california,1
1476,disabled,1
1477,adult,1
1478,medi,1
1479,cal,1
1480,secondary,1
1481,process,1
1482,spacecowgrll,1
1483,jayecane,1
1484,dm,1
1485,linkedin,1
1486,dental,1
1487,evasion,1
1488,decline,1
1489,series,1
1490,sharing,1
1491,shape,1
1492,reporting,1
1493,whether,1
1494,mad,1
1495,kbhome,1
1496,bare,1
1497,bone,1
1498,prepare,1
1499,minimal,1
1500,leaving,1
1501,pick,1
1502,tab,1
1503,katieporter,1
1504,project,1
1505,alwaysiron,1
1506,sandyshriver9,1
1507,tulsigabbard,1
1508,gop,1
1509,fact,1
1510,fake,1
1511,democrat,1
1512,joe,1
1513,40,1
1514,letsbereal,1
1515,fuckgoplies,1
1516,_nanahemaaa,1
1517,aliyahvallen,1
1518,ball,1
1519,tip,1
1520,thanks,1
1521,wonderful,1
1522,volunteer,1
1523,helping,1
1524,clean,1
1525,outside,1
1526,vacuum,1
1527,scrubbing,1
1528,van,1
1529,trainer,1
1530,fidelco,1
1531,dog,1
1532,0cfllxypoq,1
1533,itijonline,1
1534,specifi,1
1535,made_marian,1
1536,verbally,1
1537,electronically,1
1538,either,1
1539,dept,1
1540,inept,1
1541,dwylzmkywp,1
1542,workingabroad,1
1543,livein2050,1
1544,cign,1
1545,doug,1
1546,nemecek,1
1547,panelist,1
1548,topic,1
1549,opioid,1
1550,crisis,1
1551,addiction,1
1552,stigma,1
1553,pandemic,1
1554,wellbeingforum,1
1555,wbf22,1
1556,428boqcb8d,1
1557,unsolicited,1
1558,corpus,1
1559,sic,1
1560,17,1
1561,absolutely,1
1562,terrify,1
1563,bubble,1
1564,forever,1
1565,exam,1
1566,align,1
1567,menstrual,1
1568,cycle,1
1569,radiology,1
1570,book,1
1571,eventually,1
1572,denial,1
1573,reverse,1
1574,delay,1
1575,breastcancerawarenessmonth,1
1576,bilateral,1
1577,breast,1
1578,semaphore_vtg,1
1579,yeah,1
1580,ninipip,1
1581,moneytalksnews,1
1582,aware,1
1583,live,1
1584,svcs,1
1585,cabal,1
1586,cvs_caremark,1
1587,optumrx,1
1588,unitedhealthgrp,1
1589,alliancerxwp,1
1590,energycommerce,1
1591,frankpallone,1
1592,helpcmtedems,1
1593,pattymurray,1
1594,hhs_ash,1
1595,hhsgov,1
1596,1mph6pozav,1
1597,btw,1
1598,yet,1
1599,johandalgaard,1
1600,exarch,1
1601,ntkallday,1
1602,terribly,1
1603,awful,1
1604,cancel,1
1605,complex,1
1606,despise,1
1607,careplanmedia,1
1608,found,1
1609,cheap,1
1610,haha,1
1611,thankfully,1
1612,transplant,1
1613,appts,1
1614,pretty,1
1615,incompetent,1
1616,ppl,1
1617,basic,1
1618,question,1
1619,moron,1
1620,dealing,1
1621,ohhh,1
1622,assume,1
1623,imaging,1
1624,although,1
1625,manage,1
1626,zero,1
1627,sense,1
1628,least,1
1629,mild,1
1630,reduction,1
1631,pfts,1
1632,reduce,1
1633,always,1
1634,diagnosis,1
1635,note,1
1636,organization,1
1637,blackactuary,1
1638,iabacareers,1
1639,15uqhm8bv0,1
1640,i4scngz4er,1
1641,zwsyhywsgy,1
1642,dear,1
1643,free,1
1644,labor,1
1645,fnja0ljsjd,1
1646,advocate,1
1647,remoteglobal,1
1648,gkeif9paxz,1
1649,rafael_paredesr,1
1650,sedate,1
1651,dump,1
1652,horrible,1
1653,congratulation,1
1654,mr,1
1655,wes,1
1656,queen,1
1657,steadfast,1
1658,commitment,1
1659,legacy,1
1660,20th,1
1661,anniversary,1
1662,umdpublichealth,1
1663,bdlushniak,1
1664,president_pines,1
1665,mtosterholm,1
1666,lawrencegostin,1
1667,bylenasun,1
1668,dku7gx4rsp,1
1669,fast,1
1670,forward,1
1671,feeling,1
1672,symptomatic,1
1673,bad,1
1674,ferritin,1
1675,hemaglobin,1
1676,sat,1
1677,ldevlinct,1
1678,pls,1
1679,tone,1
1680,us,1
1681,against,1
1682,them,1
1683,corruption,1
1684,patriot,1
1685,machine,1
1686,paedophile,1
1687,fugitive,1
1688,justice,1
1689,philgiordano,1
1690,republican,1
1691,truly,1
1692,frustration,1
1693,authorization,1
1694,evicore,1
1695,hcd,1
1696,mh1,1
1697,eg,1
1698,backup,1
1699,age,1
1700,constantly,1
1701,adapt,1
1702,stay,1
1703,curve,1
1704,analytics,1
1705,katya,1
1706,andersen,1
1707,approach,1
1708,innovation,1
1709,asbmg9fizz,1
1710,cignanews,1
1711,crxfxk4ole,1
1712,corporation,1
1713,yahoo,1
1714,finance,1
1715,av1w2mzw4j,1
1716,0bl5dzrcc2,1
1717,chaes0l,1
1718,greenbergwexler,1
1719,johnhancockusa,1
1720,ukginc,1
1721,supporting,1
1722,silbersteingrp,1
1723,raine,1
1724,knock,1
1725,kenmore,1
1726,pest,1
1727,control,1
1728,realpage,1
1729,risk,1
1730,minkoff,1
1731,crime,1
1732,intervention,1
1733,alarm,1
1734,getg5,1
1735,construction,1
1736,yesterday,1
1737,shortly,1
1738,cricket,1
1739,needle,1
1740,drain,1
1741,20cc,1
1742,fluid,1
1743,thray0quil,1
1744,inscrutable,1
1745,prerecord,1
1746,electronic,1
1747,regulatory,1
1748,requirement,1
1749,ninipippolido,1
1750,press,1
1751,no,1
1752,brilliant,1
1753,lisakbarth,1
1754,annotation,1
1755,correctly,1
1756,math,1
1757,box,1
1758,household,1
1759,choice,1
1760,personalization,1
1761,read,1
1762,f5thugv1ol,1
1763,mwacfbn9up,1
1764,worldmentalhealthday,1
1765,ens,1
1766,4ltpsyalqv,1
1767,craven,1
1768,ioeemfn2wq,1
1769,possibly,1
1770,covid,1
1771,ivig,1
1772,infusion,1
1773,seriously,1
1774,die,1
1775,bull,1
1776,damienisgoodmon,1
1777,matt,1
1778,briefly,1
1779,block,1
1780,quote,1
1781,contort,1
1782,justify,1
1783,classist,1
1784,racist,1
1785,hollyrodfdn,1
1786,pharmacy,1
1787,segment,1
1788,medicine,1
1789,g7zolinjuu,1
1790,digitalpharmacy,1
1791,drug,1
1792,diabetes,1
1793,goodrx,1
1794,gqrxhh1xnk,1
1795,we3churchgirls,1
1796,fcps,1
1797,th,1
1798,g0wxirluzx,1
1799,itza4j3ant,1
1800,ainewalter,1
1801,rssb,1
1802,rama,1
1803,mmi,1
1804,radiant,1
1805,uap,1
1806,prime,1
1807,britam,1
1808,sanlam,1
1809,equity,1
1810,itm,1
1811,eyxtqub9ii,1
1812,summary,1
1813,remotehunt,1
1814,tkppeqqhov,1
1815,technical,1
1816,setting,1
1817,breakout,1
1818,jmyagekwms,1
1819,rat8zvwalx,1
1820,stevewagsinvest,1
1821,dividend,1
1822,lly,1
1823,eli,1
1824,lilly,1
1825,nvda,1
1826,nvidia,1
1827,elgingihy,1
1828,simon,1
1829,stevens,1
1830,blair,1
1831,pushing,1
1832,thru,1
1833,pfi,1
1834,outsource,1
1835,massive,1
1836,21plus21,1
1837,ar,1
1838,cobra,1
1839,processor,1
1840,enrollment,1
1841,eligibility,1
1842,trader,1
1843,produce,1
1844,trading,1
1845,proprietary,1
1846,method,1
1847,methodology,1
1848,3e7chmsqof,1
1849,click,1
1850,federal,1
1851,permit,1
1852,proceed,1
1853,recent,1
1854,string,1
1855,doj,1
1856,path,1
1857,activity,1
1858,industry,1
1859,unprecedented,1
1860,u6my8vrarq,1
1861,practitioner,1
1862,midwest,1
1863,regional,1
1864,traveler,1
1865,eoa20rdfll,1
1866,ivkzkwlnfq,1
1867,ygjsaivw6q,1
1868,beat,1
1869,estimate,1
1870,oxuvqwutur,1
1871,faircostplans,1
1872,cartel,1
1873,3b,1
1874,60,1
1875,28,1
1876,02,1
1877,260,1
1878,832,1
1879,992,1
1880,294,1
1881,aramco,1
1882,702,1
1883,487,1
1884,804,1
1885,goog,1
1886,295,1
1887,430,1
1888,550,1
1889,588,1
1890,173,1
1891,860,1
1892,433,1
1893,205,1
1894,699,1
1895,166,1
1896,777,1
1897,608,1
1898,johnson,1
1899,bitcoin,1
1900,365,1
1901,512,1
1902,686,1
1903,614,1
1904,bigtech,1
1905,424,1
1906,502,1
1907,952,1
1908,551,1
1909,z4wc2sk8ji,1
1910,sj_pete,1
1911,move,1
1912,giant,1
1913,liberty,1
1914,f6f3qoaqyn,1
1915,marketing,1
1916,healthinsurance,1
1917,9btk91path,1
1918,2tgvs9xxap,1
1919,fed,1
1920,merger,1
1921,serious,1
1922,flaw,1
1923,gyo1ccpuza,1
1924,fiercehealth,1
1925,fundamental,1
1926,various,1
1927,indicator,1
1928,chart,1
1929,roe,1
1930,roa,1
1931,roic,1
1932,gross,1
1933,margin,1
1934,ebitda,1
1935,stockmarket,1
1936,investing,1
1937,gr3yvqq4oy,1
1938,jo0pophm0t,1
1939,11,1
1940,third,1
1941,quarter,1
1942,result,1
1943,likely,1
1944,membership,1
1945,unitedhealthcare,1
1946,unit,1
1947,tradingview,1
1948,positive,1
1949,mobil,1
1950,51,1
1951,chevro,1
1952,investingcom,1
1953,wells,1
1954,repmarkpocan,1
1955,hmm,1
1956,aarp,1
1957,unrelenting,1
1958,cell,1
1959,cease,1
1960,hit,1
1961,crossroad,1
1962,rule,1
1963,bid,1
1964,face,1
1965,mbcjgd8i7i,1
1966,statnews,1
1967,possibility,1
1968,endless,1
1969,fortune,1
1970,500,1
1971,grow,1
1972,variety,1
1973,source,1
1974,forbes,1
1975,1dzwbhbghh,1
1976,hkgg7mfm1o,1
1977,pjk4brainhealth,1
1978,substance,1
1979,disorder,1
1980,du,1
1981,ihwcouncil,1
1982,meetourspeaker,1
1983,swati,1
1984,rangachari,1
1985,vice,1
1986,affair,1
1987,strategic,1
1988,engagement,1
1989,unitedhe,1
1990,worker,1
1991,mine,1
1992,illness,1
1993,arijit,1
1994,sengupta,1
1995,aible,1
1996,rus,1
1997,lawrence,1
1998,distinguish,1
1999,rethink,1
2000,extract,1
2001,ai,1
2002,scale,1
2003,xksi8ewj0g,1
2004,teamcryptowhale,1
2005,officer,1
2006,overrule,1
2007,committee,1
2008,objection,1
2009,so,1
2010,called,1
2011,jumbo,1
2012,lender,1
2013,underwriter,1
2014,lawsuit,1
2015,cxd30pj533,1
2016,peon,1
2017,rex,1
2018,cfo,1
2019,sue,1
2020,abuse,1
2021,401k,1
2022,suit,1
2023,ll4vivdhik,1
2024,stonksteam,1
2025,tuesday,1
2026,08,1
2027,54,1
2028,nyc,1
2029,xlf,1
2030,wow,1
2031,fear,1
2032,rally,1
2033,happen,1
2034,bnqayrmycn,1
2035,8y6xbwgtdo,1
2036,quarterly,1
2037,rate,1
2038,yoy,1
2039,rank,1
2040,2026,1
2041,5763,1
2042,database,1
2043,bowdwtohjy,1
2044,hnszp6enct,1
2045,metal,1
2046,cmc,1
2047,taiwan,1
2048,semiconductor,1
2049,tsm,1
2050,jpm,1
2051,usb,1
2052,step,1
2053,retailer,1
2054,push,1
2055,chain,1
2056,clinic,1
2057,hfc9nfsi9l,1
2058,arbiz,1
2059,visitor,1
2060,potential,1
2061,actual,1
2062,discussion,1
2063,mfvvwew07k,1
2064,employment,1
2065,jobcuts,1
2066,edenprairie,1
2067,minnesota,1
2068,healthcarejobs,1
2069,ciovaccocapital,1
2070,archive,1
2071,richard,1
2072,smith,1
2073,former,1
2074,europe,1
2075,publish,1
2076,journal,1
2077,royal,1
2078,society,1
2079,medecine,1
2080,fnzgmlbig1,1
2081,v7pl27hthu,1
2082,bloomberg,1
2083,consultant,1
2084,transformation,1
2085,fastestgrowing,1
2086,collaboratio,1
2087,devsnap,1
2088,m7d7tau0nh,1
2089,coder,1
2090,8d7h5gcrax,1
2091,remotejobs,1
2092,remotework,1
2093,billing,1
2094,immediately,1
2095,youll,1
2096,fl,1
2097,skipthedrive,1
2098,xadppcf2uq,1
2099,p5yxpujazb,1
2100,designer,1
2101,with,1
2102,insurviewdaily,1
2103,2b,1
2104,8eyii6fm6z,1
2105,soaring,1
2106,heavily,1
2107,scammer,1
2108,lose,1
2109,pi41ciawd8,1
2110,modrnhealthcr,1
2111,audit,1
2112,believe,1
2113,telemarketing,1
2114,fiverr,1
2115,iv7rgxoxar,1
2116,jobless,1
2117,domino,1
2118,infosys,1
2119,citi,1
2120,bank,1
2121,hr1x7gau24,1
2122,93l9c3qgnb,1
2123,maxkennerly,1
2124,tuneintogoonan,1
2125,pg1pybh5cp,1
2126,arnhold,1
2127,llc,1
2128,n0krtavtep,1
2129,kovxi4pgzj,1
2130,te,1
2131,fi,1
2132,collaboration,1
2133,cwky6y6ooi,1
2134,cadeinvests,1
2135,sector,1
2136,sub,1
2137,categories,1
2138,pharmaceutical,1
2139,developer,1
2140,services,1
2141,marketcurrents,1
2142,nvro,1
2143,nevro,1
2144,spinal,1
2145,cord,1
2146,stimulation,1
2147,indication,1
2148,q8c,1
2149,368,1
2150,332,1
2151,194,1
2152,tesla,1
2153,159,1
2154,brk,1
2155,154,1
2156,jnj,1
2157,v21yrk1ffz,1
2158,gaycivilrights,1
2159,bombshell,1
2160,ma,1
